{
    "num": 2,
    "cv": {
        "metrics": {
            "lr": [
                {
                    "accuracy": 0.8864864864864865,
                    "precision": 0.781923273657289,
                    "recall": 0.8209523809523809,
                    "f1": 0.7963167952641637,
                    "auc": 0.9487216731556354
                },
                {
                    "accuracy": 0.8675675675675676,
                    "precision": 0.7394112554112555,
                    "recall": 0.822857142857143,
                    "f1": 0.7700760092620558,
                    "auc": 0.9525681341719077
                }
            ],
            "rf": [
                {
                    "accuracy": 0.8783783783783784,
                    "precision": 0.7911090225563909,
                    "recall": 0.7728571428571428,
                    "f1": 0.7775604224384713,
                    "auc": 0.9483815014475392
                },
                {
                    "accuracy": 0.8918918918918919,
                    "precision": 0.8125816993464052,
                    "recall": 0.8014285714285714,
                    "f1": 0.803023406181301,
                    "auc": 0.957758810022961
                }
            ],
            "xgb": [
                {
                    "accuracy": 0.8756756756756756,
                    "precision": 0.7761487050960735,
                    "recall": 0.7619047619047619,
                    "f1": 0.7684466795506589,
                    "auc": 0.9362773285414796
                },
                {
                    "accuracy": 0.854054054054054,
                    "precision": 0.7339359711495934,
                    "recall": 0.7542857142857142,
                    "f1": 0.7319563710868058,
                    "auc": 0.9418713187581111
                }
            ]
        },
        "means": {
            "lr": {
                "accuracy": 0.877,
                "precision": 0.7607,
                "recall": 0.8219,
                "f1": 0.7832,
                "auc": 0.9506
            },
            "rf": {
                "accuracy": 0.8851,
                "precision": 0.8018,
                "recall": 0.7871,
                "f1": 0.7903,
                "auc": 0.9531
            },
            "xgb": {
                "accuracy": 0.8649,
                "precision": 0.755,
                "recall": 0.7581,
                "f1": 0.7502,
                "auc": 0.9391
            }
        }
    },
    "ind": {
        "metrics": {
            "lr": [
                {
                    "accuracy": 0.65625,
                    "precision": 0.8,
                    "recall": 0.6,
                    "f1": 0.6857142857142857,
                    "auc": 0.7708333333333334
                },
                {
                    "accuracy": 0.65625,
                    "precision": 0.8,
                    "recall": 0.6,
                    "f1": 0.6857142857142857,
                    "auc": 0.7666666666666667
                }
            ],
            "rf": [
                {
                    "accuracy": 0.75,
                    "precision": 0.875,
                    "recall": 0.7,
                    "f1": 0.7777777777777778,
                    "auc": 0.7854166666666667
                },
                {
                    "accuracy": 0.6875,
                    "precision": 0.8571428571428571,
                    "recall": 0.6,
                    "f1": 0.7058823529411765,
                    "auc": 0.79375
                }
            ],
            "xgb": [
                {
                    "accuracy": 0.6875,
                    "precision": 0.7777777777777778,
                    "recall": 0.7,
                    "f1": 0.7368421052631579,
                    "auc": 0.7958333333333333
                },
                {
                    "accuracy": 0.6875,
                    "precision": 0.7777777777777778,
                    "recall": 0.7,
                    "f1": 0.7368421052631579,
                    "auc": 0.7958333333333333
                }
            ]
        },
        "means": {
            "lr": {
                "accuracy": 0.6562,
                "precision": 0.8,
                "recall": 0.6,
                "f1": 0.6857,
                "auc": 0.7688
            },
            "rf": {
                "accuracy": 0.7188,
                "precision": 0.8661,
                "recall": 0.65,
                "f1": 0.7418,
                "auc": 0.7896
            },
            "xgb": {
                "accuracy": 0.6875,
                "precision": 0.7778,
                "recall": 0.7,
                "f1": 0.7368,
                "auc": 0.7958
            }
        }
    }
}